{
  "2768": {
    "dims": [1],
    "type": "float32",
    "data": {
      "0": 0.06811341643333435
    },
    "size": 1
  },
  "2770": {
    "dims": [1],
    "type": "int32",
    "data": {
      "0": 1
    },
    "size": 1
  },
  "Predicted_dict": {
    "dims": [1, 4],
    "type": "float32",
    "data": {
      "0": 240.16696166992188,
      "1": 341.42529296875,
      "2": 270.0011291503906,
      "3": 368.60205078125
    },
    "size": 4
  }
}
