{
  "2768": {
    "dims": [38],
    "type": "float32",
    "data": {
      "0": 0.13357964158058167,
      "1": 0.12003814429044724,
      "2": 0.08787428587675095,
      "3": 0.0806572288274765,
      "4": 0.07843693345785141,
      "5": 0.07448157668113708,
      "6": 0.07405416667461395,
      "7": 0.07347971200942993,
      "8": 0.07347793877124786,
      "9": 0.07246411591768265,
      "10": 0.07075876742601395,
      "11": 0.06720711290836334,
      "12": 0.06609184294939041,
      "13": 0.06511900573968887,
      "14": 0.06480560451745987,
      "15": 0.06476220488548279,
      "16": 0.06432665884494781,
      "17": 0.06401589512825012,
      "18": 0.06321822851896286,
      "19": 0.06305603682994843,
      "20": 0.061828430742025375,
      "21": 0.06026911363005638,
      "22": 0.05996004492044449,
      "23": 0.058786503970623016,
      "24": 0.058681659400463104,
      "25": 0.05848078057169914,
      "26": 0.058213718235492706,
      "27": 0.0579993836581707,
      "28": 0.05770488455891609,
      "29": 0.05755038559436798,
      "30": 0.055997028946876526,
      "31": 0.05519485846161842,
      "32": 0.05489715561270714,
      "33": 0.05332554131746292,
      "34": 0.05255197361111641,
      "35": 0.052345242351293564,
      "36": 0.05193489044904709,
      "37": 0.050224337726831436
    },
    "size": 38
  },
  "2770": {
    "dims": [38],
    "type": "int32",
    "data": {
      "0": 3,
      "1": 0,
      "2": 3,
      "3": 0,
      "4": 3,
      "5": 0,
      "6": 3,
      "7": 0,
      "8": 3,
      "9": 0,
      "10": 3,
      "11": 0,
      "12": 3,
      "13": 0,
      "14": 3,
      "15": 0,
      "16": 3,
      "17": 0,
      "18": 3,
      "19": 0,
      "20": 3,
      "21": 0,
      "22": 3,
      "23": 0,
      "24": 3,
      "25": 0,
      "26": 3,
      "27": 0,
      "28": 3,
      "29": 0,
      "30": 3,
      "31": 0,
      "32": 3,
      "33": 0,
      "34": 3,
      "35": 0,
      "36": 3,
      "37": 0
    },
    "size": 38
  },
  "Predicted_dict": {
    "dims": [38, 4],
    "type": "float32",
    "data": {
      "0": 1399.577392578125,
      "1": 3733.164306640625,
      "2": 1623.3682861328125,
      "3": 3992.482666015625,
      "4": 2218.378173828125,
      "5": 3757.4248046875,
      "6": 2456.759033203125,
      "7": 4019.984619140625,
      "8": 2471.6298828125,
      "9": 3777.227783203125,
      "10": 2780.6181640625,
      "11": 3991.4736328125,
      "12": 2504.712158203125,
      "13": 3205.915771484375,
      "14": 2736.020263671875,
      "15": 3424.975341796875,
      "16": 2514.762939453125,
      "17": 3068.47802734375,
      "18": 2746.795166015625,
      "19": 3288.204833984375,
      "20": 2369.56005859375,
      "21": 3201.37060546875,
      "22": 2602.59228515625,
      "23": 3420.62109375,
      "24": 622.6486206054688,
      "25": 3782.217041015625,
      "26": 926.1891479492188,
      "27": 3998.78955078125,
      "28": 1119.2686767578125,
      "29": 3735.112548828125,
      "30": 1347.8426513671875,
      "31": 3994.067138671875,
      "32": 1826.9439697265625,
      "33": 3762.695556640625,
      "34": 2068.192626953125,
      "35": 4022.760498046875,
      "36": 2245.11767578125,
      "37": 3182.0966796875,
      "38": 2437.832275390625,
      "39": 3450.329345703125,
      "40": 1193.992431640625,
      "41": 3740.97119140625,
      "42": 1426.850830078125,
      "43": 4003.3125,
      "44": 1924.6075439453125,
      "45": 3764.0537109375,
      "46": 2167.04638671875,
      "47": 4027.87841796875,
      "48": 2359.997314453125,
      "49": 3063.8046875,
      "50": 2587.000244140625,
      "51": 3281.90478515625,
      "52": 1402.561767578125,
      "53": 3199.728271484375,
      "54": 1618.8863525390625,
      "55": 3410.8447265625,
      "56": 2505.352783203125,
      "57": 2795.4541015625,
      "58": 2738.67919921875,
      "59": 3011.593505859375,
      "60": 707.7733764648438,
      "61": 3203.249267578125,
      "62": 936.3179931640625,
      "63": 3418.93359375,
      "64": 565.1859130859375,
      "65": 3622.632080078125,
      "66": 790.1739501953125,
      "67": 3847.345458984375,
      "68": 1219.8704833984375,
      "69": 3224.81201171875,
      "70": 1537.6517333984375,
      "71": 3396.63623046875,
      "72": 2201.773193359375,
      "73": 3226.86328125,
      "74": 2529.12060546875,
      "75": 3410.138671875,
      "76": 711.193603515625,
      "77": 3628.068603515625,
      "78": 941.5386962890625,
      "79": 3858.12158203125,
      "80": 1267.5263671875,
      "81": 3732.15283203125,
      "82": 1494.5623779296875,
      "83": 3991.62451171875,
      "84": 698.1881713867188,
      "85": 3921.9326171875,
      "86": 942.6130981445312,
      "87": 4177.158203125,
      "88": 1399.093017578125,
      "89": 3058.861572265625,
      "90": 1624.7215576171875,
      "91": 3285.475830078125,
      "92": 2226.871826171875,
      "93": 3604.829345703125,
      "94": 2443.684326171875,
      "95": 3844.454833984375,
      "96": 2468.349365234375,
      "97": 3511.978759765625,
      "98": 2763.6259765625,
      "99": 3688.044921875,
      "100": 1722.98828125,
      "101": 3754.762939453125,
      "102": 1968.008056640625,
      "103": 4012.81591796875,
      "104": 2234.923095703125,
      "105": 2778.525634765625,
      "106": 2455.880615234375,
      "107": 3000.94091796875,
      "108": 1519.8885498046875,
      "109": 3738.835205078125,
      "110": 1747.35205078125,
      "111": 3992.05615234375,
      "112": 2316.5966796875,
      "113": 3777.180908203125,
      "114": 2613.896728515625,
      "115": 3994.130126953125,
      "116": 2190.922119140625,
      "117": 3083.95263671875,
      "118": 2504.448974609375,
      "119": 3271.742431640625,
      "120": 2229.479736328125,
      "121": 3485.945068359375,
      "122": 2446.986328125,
      "123": 3714.0439453125,
      "124": 2093.673095703125,
      "125": 3756.92236328125,
      "126": 2337.494873046875,
      "127": 4019.0361328125,
      "128": 1409.9661865234375,
      "129": 3470.845703125,
      "130": 1615.889404296875,
      "131": 3707.8369140625,
      "132": 2510.88720703125,
      "133": 2926.918701171875,
      "134": 2742.156005859375,
      "135": 3140.687255859375,
      "136": 986.5907592773438,
      "137": 3742.243896484375,
      "138": 1222.93310546875,
      "139": 3993.3056640625,
      "140": 2477.80712890625,
      "141": 3630.404052734375,
      "142": 2763.937744140625,
      "143": 3823.124267578125,
      "144": 2500.7587890625,
      "145": 2657.462158203125,
      "146": 2727.730712890625,
      "147": 2883.2939453125,
      "148": 575.2702026367188,
      "149": 3762.105712890625,
      "150": 801.6467895507812,
      "151": 3997.529296875
    },
    "size": 152
  }
}
